ARTIGO,AUTOR,INSTITUIÇÃO,UF
https://even3.blob.core.windows.net/anais/800667.pdf,GERSON BACURY,UFAM,AM
https://even3.blob.core.windows.net/anais/800667.pdf,ROSANE GONÇALVES CRUZ,UFAM,AM
https://even3.blob.core.windows.net/anais/801012.pdf,LEONARD EULER VALENTE FEITOSA,UFAM,AM
https://even3.blob.core.windows.net/anais/801012.pdf,YACHIKO NASCIMENTO WAKIYAMA,UFAM,AM
https://even3.blob.core.windows.net/anais/801142.pdf,GERSON BACURY,UFAM,AM
https://even3.blob.core.windows.net/anais/801142.pdf,JOANDRIO NOGUEIRA DE SOUZA,UFAM,AM
https://even3.blob.core.windows.net/anais/801142.pdf,ROSANE GONÇALVES CRUZ,UFAM,AM
https://even3.blob.core.windows.net/anais/801423.pdf,DARLANE CRISTINA MACIEL SARAIVA,IFAM,AM
https://even3.blob.core.windows.net/anais/786855.pdf,LARISSA MASCARENHAS COELHO,IFAP,AP
https://even3.blob.core.windows.net/anais/786855.pdf,NAZARÉ FARIAS BRAZAO,IFAP,AP
https://even3.blob.core.windows.net/anais/788203.pdf,CRISTIANE DO SOCORRO DOS SANTOS NERY,UNIFAP,AP
https://even3.blob.core.windows.net/anais/788203.pdf,CLENIVALDO FORTE BATISTA,UFAP,AP
https://even3.blob.core.windows.net/anais/788433.pdf,ELIVALDO SERRAO CUSTÓDIO,UEAP,AP
https://even3.blob.core.windows.net/anais/788974.pdf,ELIVALDO SERRAO CUSTÓDIO,UEAP,AP
https://even3.blob.core.windows.net/anais/789035.pdf,GADI SILVA DOS SANTOS,IFAP,AP
https://even3.blob.core.windows.net/anais/789035.pdf,RUTE CARVALHO FARIAS,UEAP,AP
https://even3.blob.core.windows.net/anais/789035.pdf,MARCOS SILVA ALBUQUERQUE,UNIFAP,AP
https://even3.blob.core.windows.net/anais/789049.pdf,GADI SILVA DOS SANTOS,IFAP,AP
https://even3.blob.core.windows.net/anais/789049.pdf,RUTE CARVALHO FARIAS,UEAP,AP
https://even3.blob.core.windows.net/anais/789049.pdf,MARCOS SILVA ALBUQUERQUE,UNIFAP,AP
https://even3.blob.core.windows.net/anais/799128.pdf,JOSÉ RAIMUNDO COSTA TAVARES BISNETO,IFAP,AP
https://even3.blob.core.windows.net/anais/800127.pdf,ROMARO SILVA,IFAP,AP
https://even3.blob.core.windows.net/anais/800164.pdf,CRISTIANE DO SOCORRO DOS SANTOS NERY,UNIFAP,AP
https://even3.blob.core.windows.net/anais/800211.pdf,ROMARO SILVA,IFAP,AP
https://even3.blob.core.windows.net/anais/801571.pdf,ROMARO SILVA,IFAP,AP
https://even3.blob.core.windows.net/anais/801601.pdf,ANOAK FORTE BATISTA,IFAP,AP
https://even3.blob.core.windows.net/anais/801615.pdf,LEONARDO COSTA LOPES,IFAP,AP
https://even3.blob.core.windows.net/anais/801615.pdf,CESAR AUGUSTO DA SENA LAMEIRA,IFAP,AP
https://even3.blob.core.windows.net/anais/795201.pdf,CLARALIDIA ROCHA,UNEB,BA
https://even3.blob.core.windows.net/anais/795201.pdf,MARCOS VINICIUS CAVALCANTE DOS SANTOS,UNEB,BA
https://even3.blob.core.windows.net/anais/800924.pdf,ZULMA ELIZABETE DE FREITAS MADRUGA,UFRB,BA
https://even3.blob.core.windows.net/anais/801443.pdf,ZULMA ELIZABETE DE FREITAS MADRUGA,UFRB,BA
https://even3.blob.core.windows.net/anais/801822.pdf,GECIARA DA SILVA CARVALHO,UEFS,BA
https://even3.blob.core.windows.net/anais/801822.pdf,OLENÊVA SANCHES SOUSA,EtnoMatemaTicas Brasis,BA
https://even3.blob.core.windows.net/anais/801854.pdf,JOSÉ LUCAS MATIAS DE EÇA,UESB,BA
https://even3.blob.core.windows.net/anais/801854.pdf,ZULMA ELIZABETE DE FREITAS MADRUGA,UFRB,BA
https://even3.blob.core.windows.net/anais/802380.pdf,ELIANE COSTA SANTOS,UNILAB,BA
https://even3.blob.core.windows.net/anais/786254.pdf,EZEQUIAS ADOLFO DOMINGAS CASSELA,Escola Superior Pedagógica do Bié/Angola,Bié - Angola
https://even3.blob.core.windows.net/anais/801017.pdf,ELIENE ALVES DE AQUINO,UFC,CE
https://even3.blob.core.windows.net/anais/801017.pdf,ANTÔNIA FRANCIEUDA PINHEIRO CAVALCANTE,UNILAB,CE
https://even3.blob.core.windows.net/anais/801017.pdf,FRANCISCA PEREIRA PAIVA,UNILAB,CE
https://even3.blob.core.windows.net/anais/801017.pdf,MARIA VANDIA GUEDES LIMA,UNILAB,CE
https://even3.blob.core.windows.net/anais/801890.pdf,ELIENE ALVES DE AQUINO,UFC,CE
https://even3.blob.core.windows.net/anais/801890.pdf,ANA BEATRIZ DA SILVA LEMOS,UNILAB,CE
https://even3.blob.core.windows.net/anais/801890.pdf,ANTONIO ROBERTO XAVIER,UNILAB,CE
https://even3.blob.core.windows.net/anais/802000.pdf,ELIENE ALVES DE AQUINO,UFC,CE
https://even3.blob.core.windows.net/anais/802000.pdf,ANTÔNIA FRANCIEUDA PINHEIRO CAVALCANTE,UNILAB,CE
https://even3.blob.core.windows.net/anais/802000.pdf,FRANCISCA PEREIRA PAIVA,UNILAB,CE
https://even3.blob.core.windows.net/anais/802000.pdf,MARIA VANDIA GUEDES LIMA,UNILAB,CE
https://even3.blob.core.windows.net/anais/801769.pdf,ROGÉRIO FERREIRA,UnB,DF
https://even3.blob.core.windows.net/anais/788426.pdf,ALEXANDRE MAIA FERREIRA,IFES,ES
https://even3.blob.core.windows.net/anais/788426.pdf,JOSÉ CARLOS THOMPSON DA SILVA,IFES,ES
https://even3.blob.core.windows.net/anais/788426.pdf,LIGIA ARANTES SAD,IFES,ES
https://even3.blob.core.windows.net/anais/788931.pdf,CLAUDIA ALESSANDRA COSTA DE ARAUJO LORENZONI,IFES,ES
https://even3.blob.core.windows.net/anais/788931.pdf,ROMULO ALVES LUCIANO,IFES,ES
https://even3.blob.core.windows.net/anais/789057.pdf,ANA PAULA AZEVEDO MOURA CARETA,IFES,ES
https://even3.blob.core.windows.net/anais/789057.pdf,LIGIA ARANTES SAD,IFES,ES
https://even3.blob.core.windows.net/anais/789290.pdf,LIGIA ARANTES SAD,IFES,ES
https://even3.blob.core.windows.net/anais/789290.pdf,GÉSSICA GONÇALVES MARTINS,UFES,ES
https://even3.blob.core.windows.net/anais/790728.pdf,ANA PAULA AZEVEDO MOURA CARETA,IFES,ES
https://even3.blob.core.windows.net/anais/790728.pdf,ADRIANA VITORIANO BARBOSA,UFES,ES
https://even3.blob.core.windows.net/anais/790728.pdf,OZIRLEI TERESA MARCILINO,UFES,ES
https://even3.blob.core.windows.net/anais/801003.pdf,CLAUDIA ALESSANDRA COSTA DE ARAUJO LORENZONI,IFES,ES
https://even3.blob.core.windows.net/anais/801003.pdf,FABRICIA DE JESUS DA SILVA,IFES,ES
https://even3.blob.core.windows.net/anais/801676.pdf,APARECIDA FERREIRA LOPES, PMVV e PMV,ES
https://even3.blob.core.windows.net/anais/801676.pdf,SANDRA APARECIDA FRAGA DA SILVA,IFES,ES
https://even3.blob.core.windows.net/anais/801710.pdf,BIANCA BLANDINO FLORENTINO,IFES,ES
https://even3.blob.core.windows.net/anais/801710.pdf,CLAUDIA ALESSANDRA COSTA DE ARAUJO LORENZONI,IFES,ES
https://even3.blob.core.windows.net/anais/788449.pdf,JOSE PEDRO MACHADO RIBEIRO,UFG,GO
https://even3.blob.core.windows.net/anais/799464.pdf,RODRIGO BASTOS DAUDE,UEG,GO
https://even3.blob.core.windows.net/anais/799464.pdf,THAÍS REGINA DOMINGUES KUBO,UEG,GO
https://even3.blob.core.windows.net/anais/801769.pdf,JOSE PEDRO MACHADO RIBEIRO,UFG,GO
https://even3.blob.core.windows.net/anais/801959.pdf,JOSE PEDRO MACHADO RIBEIRO,UFG,GO
https://even3.blob.core.windows.net/anais/801959.pdf,LILIAN DE CAMPOS MARINHO CRUZ,UFG,GO
https://even3.blob.core.windows.net/anais/799128.pdf,MÔNICA MESQUITA,UNL,Lisboa - PT
https://even3.blob.core.windows.net/anais/800401.pdf,MÔNICA MESQUITA,UNL,Lisboa - PT
https://even3.blob.core.windows.net/anais/789028.pdf,RAYANE DE JESUS SANTOS MELO,UFMA,MA
https://even3.blob.core.windows.net/anais/793626.pdf,BENJAMIM CARDOSO DA SILVA NETO,IFMA,MA
https://even3.blob.core.windows.net/anais/793626.pdf,ANANDA ITSU MORAES CONCEIÇÃO,UFMA,MA
https://even3.blob.core.windows.net/anais/796162.pdf,DAYLA COSTA GUEDES,IFMA,MA
https://even3.blob.core.windows.net/anais/801296.pdf,ANTONIA GEANE DOS SANTOS FERREIRA,UFMA,MA
https://even3.blob.core.windows.net/anais/801296.pdf,KELLY ALMEIDA DE OLIVEIRA,UFMA,MA
https://even3.blob.core.windows.net/anais/801449.pdf,SYLIMAN LYANDRA LIMA COQUEIRO,UEMA,MA
https://even3.blob.core.windows.net/anais/801449.pdf,LAINE SILVA RAMOS,UEMA,MA
https://even3.blob.core.windows.net/anais/801449.pdf,MAURO GUTERRES BARBOSA,UEMA,MA
https://even3.blob.core.windows.net/anais/801577.pdf,HAYLTON GOMES FERREIRA,UEMA,MA
https://even3.blob.core.windows.net/anais/801577.pdf,MAURO GUTERRES BARBOSA,UEMA,MA
https://even3.blob.core.windows.net/anais/801577.pdf,RAYANE DE JESUS SANTOS MELO,UFMA,MA
https://even3.blob.core.windows.net/anais/788940.pdf,CRISTIANE COPPE DE OLIVEIRA,UFU,MG
https://even3.blob.core.windows.net/anais/788940.pdf,JANAINA APARECIDA DE OLIVEIRA,UFU,MG
https://even3.blob.core.windows.net/anais/793359.pdf,MILTON ROSA,UFOP,MG
https://even3.blob.core.windows.net/anais/794447.pdf,MILTON ROSA,UFOP,MG
https://even3.blob.core.windows.net/anais/794447.pdf,RODRIGO CARLOS PINHEIRO,UFOP,MG
https://even3.blob.core.windows.net/anais/797961.pdf,ERIC PAULUCCI,UFMG,MG
https://even3.blob.core.windows.net/anais/797961.pdf,WESLEY MARCIEL XAVIER DA COSTA,UFMG,MG
https://even3.blob.core.windows.net/anais/799701.pdf,CAROLINA TAMAYO OSORIO,UFMG,MG
https://even3.blob.core.windows.net/anais/799803.pdf,KYRLEYS PEREIRA VASCONCELOS,UFVJM,MG
https://even3.blob.core.windows.net/anais/799843.pdf,KYRLEYS PEREIRA VASCONCELOS,UFVJM,MG
https://even3.blob.core.windows.net/anais/799913.pdf,CAROLINA TAMAYO OSORIO,UFMG,MG
https://even3.blob.core.windows.net/anais/800129.pdf,MILTON ROSA,UFOP,MG
https://even3.blob.core.windows.net/anais/801056.pdf,ERIC PAULUCCI,UFMG,MG
https://even3.blob.core.windows.net/anais/801056.pdf,RAFAELA NUNES DE ABREU,UFMG,MG
https://even3.blob.core.windows.net/anais/801225.pdf,DANIEL CLARK OREY,UFOP,MG
https://even3.blob.core.windows.net/anais/801443.pdf,ANA DEL VALLE DUARTE CASTILLO,UFOP,MG
https://even3.blob.core.windows.net/anais/801443.pdf,DANIEL CLARK OREY,UFOP,MG
https://even3.blob.core.windows.net/anais/801657.pdf,CRISTIANE COPPE DE OLIVEIRA,UFU,MG
https://even3.blob.core.windows.net/anais/801742.pdf,CRISTIANE COPPE DE OLIVEIRA,UFU,MG
https://even3.blob.core.windows.net/anais/801751.pdf,CAROLINA TAMAYO OSORIO,UFMG,MG
https://even3.blob.core.windows.net/anais/801751.pdf,ERIC PAULUCCI,UFMG,MG
https://even3.blob.core.windows.net/anais/801942.pdf,CAROLINE PASSOS,UFV,MG
https://even3.blob.core.windows.net/anais/788445.pdf,ANTONIO HILARIO AGUILERA URQUIZA,UFMS,MS
https://even3.blob.core.windows.net/anais/788537.pdf,RHUAN GUILHERME TARDO RIBEIRO,UFGD,MS
https://even3.blob.core.windows.net/anais/788538.pdf,RHUAN GUILHERME TARDO RIBEIRO,UFGD,MS
https://even3.blob.core.windows.net/anais/800902.pdf,JAQUELINO FERNANDES,UFGD,MS
https://even3.blob.core.windows.net/anais/800902.pdf,MARIA APARECIDA MENDES DE OLIVEIRA,UFGD,MS
https://even3.blob.core.windows.net/anais/788178.pdf,JOÃO SEVERINO FILHO,UNEMAT,MT
https://even3.blob.core.windows.net/anais/788178.pdf,KELLY VITÓRIA SERSCHÖN,UNEMAT,MT
https://even3.blob.core.windows.net/anais/788178.pdf,LUCAS VALERIO CAMPOS,UNEMAT,MT
https://even3.blob.core.windows.net/anais/788222.pdf,AURINETE VIEIRA LIJMA DA FONSECA,UNEMAT,MT
https://even3.blob.core.windows.net/anais/788427.pdf,JOÃO SEVERINO FILHO,UNEMAT,MT
https://even3.blob.core.windows.net/anais/788427.pdf,KELLY VITÓRIA SERSCHÖN,UNEMAT,MT
https://even3.blob.core.windows.net/anais/788427.pdf,LUCAS VALERIO CAMPOS,UNEMAT,MT
https://even3.blob.core.windows.net/anais/791528.pdf,ADAILTON ALVES DA SILVA,UNEMAT,MT
https://even3.blob.core.windows.net/anais/791528.pdf,ANDREIA DA SILVA FEITOSA,UNEMAT,MT
https://even3.blob.core.windows.net/anais/791528.pdf,MARIA NAZARÉ SOUZA NASCIMENTO,UNEMAT,MT
https://even3.blob.core.windows.net/anais/791530.pdf,ADAILTON ALVES DA SILVA,UNEMAT,MT
https://even3.blob.core.windows.net/anais/791530.pdf,ANDREIA DA SILVA FEITOSA,UNEMAT,MT
https://even3.blob.core.windows.net/anais/791530.pdf,MARIA NAZARÉ SOUZA NASCIMENTO,UNEMAT,MT
https://even3.blob.core.windows.net/anais/800315.pdf,ADAILTON ALVES DA SILVA,UNEMAT,MT
https://even3.blob.core.windows.net/anais/800315.pdf,JOÃO SEVERINO FILHO,UNEMAT,MT
https://even3.blob.core.windows.net/anais/787197.pdf,LUIZ ANTONIO RIBEIRO NETO DE OLIVEIRA,UFPA,PA
https://even3.blob.core.windows.net/anais/788368.pdf,PABLO RWANY BATISTA RIBEIRO DO VALE,UFPA,PA
https://even3.blob.core.windows.net/anais/788433.pdf,ELTON POMPILIO MACHADO,UEAP,PA
https://even3.blob.core.windows.net/anais/788435.pdf,REINALDO FEIO LIMA,UFPA,PA
https://even3.blob.core.windows.net/anais/789061.pdf,ÉLIDA DE SOUSA PERES,UFPA,PA
https://even3.blob.core.windows.net/anais/789061.pdf,ELIZABETH GOMES SOUZA,UFPA,PA
https://even3.blob.core.windows.net/anais/789065.pdf,JOSÉ SÁVIO BICHO DE OLIVEIRA,UNIFESSPA,PA
https://even3.blob.core.windows.net/anais/796372.pdf,CARMEN  LUCIA  BRAGA  DA  CONCEIÇÃO,UFPA,PA
https://even3.blob.core.windows.net/anais/796372.pdf,ELIZABETH GOMES SOUZA,UFPA,PA
https://even3.blob.core.windows.net/anais/796372.pdf,LUÍS PAULO CARVALHO MONTEIRO,UFPA,PA
https://even3.blob.core.windows.net/anais/796372.pdf,THALYA MARIA ALVES DA SILVA,UFPA,PA
https://even3.blob.core.windows.net/anais/798984.pdf,MARCOS MARQUES FORMIGOSA,UFPA,PA
https://even3.blob.core.windows.net/anais/798984.pdf,RENAN RODRIGUES DO VALE,UFPA,PA
https://even3.blob.core.windows.net/anais/798984.pdf,ROSALINA DAMIãO SOUZA MELO,UFPA,PA
https://even3.blob.core.windows.net/anais/800069.pdf,CARLOS ALDEMIR FARIAS DA SILVA,UFPA,PA
https://even3.blob.core.windows.net/anais/800069.pdf,CARMEN  LUCIA  BRAGA  DA  CONCEIÇÃO,UFPA,PA
https://even3.blob.core.windows.net/anais/800069.pdf,IRAN ABREU MENDES,UFPA,PA
https://even3.blob.core.windows.net/anais/800095.pdf,CARLOS ALDEMIR FARIAS DA SILVA,UFPA,PA
https://even3.blob.core.windows.net/anais/800095.pdf,IRAN ABREU MENDES,UFPA,PA
https://even3.blob.core.windows.net/anais/800095.pdf,RELINALDO PINHO DE OLIVEIRA,UFPA,PA
https://even3.blob.core.windows.net/anais/800139.pdf,ÉLIDA DE SOUSA PERES,UFPA,PA
https://even3.blob.core.windows.net/anais/800401.pdf,JOSÉ SÁVIO BICHO DE OLIVEIRA,UNIFESSPA,PA
https://even3.blob.core.windows.net/anais/800715.pdf,ANA CLÉDINA RODRIGUES GOMES,UFPA,PA
https://even3.blob.core.windows.net/anais/800715.pdf,MATEUS OLIVEIRA MARTINS,UFPA,PA
https://even3.blob.core.windows.net/anais/800715.pdf,VALDINEIA RODRIGUES LIMA,UFPA,PA
https://even3.blob.core.windows.net/anais/801597.pdf,JOSÉ SÁVIO BICHO DE OLIVEIRA,UNIFESSPA,PA
https://even3.blob.core.windows.net/anais/801945.pdf,LORENA AMADOR VILHENA,UFPA,PA
https://even3.blob.core.windows.net/anais/796162.pdf,ANA PRISCILA SAMPAIO REBOUÇAS,UEPB,PB
https://even3.blob.core.windows.net/anais/801296.pdf,ANA PRISCILA SAMPAIO REBOUÇAS,UEPB,PB
https://even3.blob.core.windows.net/anais/789076.pdf,JOSÉ ROBERTO DA SILVA,UPE,PE
https://even3.blob.core.windows.net/anais/789076.pdf,MARIA APARECIDA DA SILVA RUFINO,UPE,PE
https://even3.blob.core.windows.net/anais/789076.pdf,SUELLEN SOARES SILVA DOS SANTOS,UPE,PE
https://even3.blob.core.windows.net/anais/801545.pdf,ANTONIO FRANCISCO RAMOS,IFPI,PI
https://even3.blob.core.windows.net/anais/801545.pdf,RAIMUNDINHA NUNES GOMES VILANOVA,IFPI,PI
https://even3.blob.core.windows.net/anais/788537.pdf,BRUNA MARQUES DUARTE,UEM,PR
https://even3.blob.core.windows.net/anais/788538.pdf,BRUNA MARQUES DUARTE,UEM,PR
https://even3.blob.core.windows.net/anais/788538.pdf,RENATO SOUZA DA CRUZ,UEM,PR
https://even3.blob.core.windows.net/anais/798827.pdf,ADRIANA DA SILVA KLIPPEL,Unioeste,PR
https://even3.blob.core.windows.net/anais/798827.pdf,MARCOS LÜBECK,Unioeste,PR
https://even3.blob.core.windows.net/anais/787894.pdf,MÁRCIO DE ALBUQUERQUE VIANNA,UFRRJ,RJ
https://even3.blob.core.windows.net/anais/788173.pdf,JULIO OMAR  (Júlio Omar da Silva Lourenço),SEMED – Macaé,RJ
https://even3.blob.core.windows.net/anais/788173.pdf,MÁRCIO DE ALBUQUERQUE VIANNA,UFRRJ,RJ
https://even3.blob.core.windows.net/anais/788374.pdf,ANDREZA APARECIDA CARVALHO JANUARIO GONÇALVES,UFRRJ,RJ
https://even3.blob.core.windows.net/anais/788374.pdf,DORA SORAIA KINDEL,UFRRJ,RJ
https://even3.blob.core.windows.net/anais/788374.pdf,MÁRCIO DE ALBUQUERQUE VIANNA,UFRRJ,RJ
https://even3.blob.core.windows.net/anais/788397.pdf,JOSÉ ROBERTO LINHARES DE MATTOS,UFF,RJ
https://even3.blob.core.windows.net/anais/788397.pdf,SANDRA MARIA NASCIMENTO DE MATTOS,UFRRJ,RJ
https://even3.blob.core.windows.net/anais/788397.pdf,IVANETE CARDOSO,UFRRJ,RJ
https://even3.blob.core.windows.net/anais/789029.pdf,ADRIANO VARGAS FREITAS,UFF,RJ
https://even3.blob.core.windows.net/anais/789029.pdf,LILIAN REGINA ARAUJO DOS SANTOS,UFF,RJ
https://even3.blob.core.windows.net/anais/789029.pdf,MÁRCIA LUCAS DE OLIVEIRA,UFF,RJ
https://even3.blob.core.windows.net/anais/789033.pdf,SANDRA MARIA NASCIMENTO DE MATTOS,UFRRJ,RJ
https://even3.blob.core.windows.net/anais/799128.pdf,SANDRA MARIA NASCIMENTO DE MATTOS,UFRRJ,RJ
https://even3.blob.core.windows.net/anais/799803.pdf,MARIA CECILIA FANTINATO,UFF,RJ
https://even3.blob.core.windows.net/anais/799843.pdf,MARIA CECILIA FANTINATO,UFF,RJ
https://even3.blob.core.windows.net/anais/800211.pdf,JOSÉ ROBERTO LINHARES DE MATTOS,UFF,RJ
https://even3.blob.core.windows.net/anais/801423.pdf,JOSÉ ROBERTO LINHARES DE MATTOS,UFF,RJ
https://even3.blob.core.windows.net/anais/801723.pdf,MARIA CECILIA FANTINATO,UFF,RJ
https://even3.blob.core.windows.net/anais/801877.pdf,EULINA COUTINHO SILVA DO NASCIMENTO,UFRRJ,RJ
https://even3.blob.core.windows.net/anais/801877.pdf,LUIZA BETÂNIA GEVERGÍ LACERDA,UFRRJ,RJ
https://even3.blob.core.windows.net/anais/801992.pdf,DÉBORA DE OLIVEIRA COUTO DA SILVA,UFRRJ,RJ
https://even3.blob.core.windows.net/anais/801992.pdf,EULINA COUTINHO SILVA DO NASCIMENTO,UFRRJ,RJ
https://even3.blob.core.windows.net/anais/801992.pdf,RAYANE ALVARENGA BESERRA DA SILVA,UFRRJ,RJ
https://even3.blob.core.windows.net/anais/801995.pdf,GABRIELA BRIAO,UERJ,RJ
https://even3.blob.core.windows.net/anais/789068.pdf,JAINY ELLEN CASSIANO MOTA,IFRN,RN
https://even3.blob.core.windows.net/anais/789068.pdf,JOERDESSON DOUGLAS SILVA DE FARIAS,IFRN,RN
https://even3.blob.core.windows.net/anais/789068.pdf,MARIA APARECIDA DOS SANTOS FERREIRA,IFRN,RN
https://even3.blob.core.windows.net/anais/789068.pdf,PAULO EDUARDO BEZERRA DA SILVA,IFRN,RN
https://even3.blob.core.windows.net/anais/789074.pdf,FRANCISCO DJNNATHAN DA SILVA GONÇALVES,IFRN,RN
https://even3.blob.core.windows.net/anais/789074.pdf,JAINY ELLEN CASSIANO MOTA,IFRN,RN
https://even3.blob.core.windows.net/anais/789074.pdf,WILTON ALEXANDRE DO NASCIMENTO,UFRN,RN
https://even3.blob.core.windows.net/anais/797648.pdf,EDNEY ARAUJO LIMA,UFRN,RN
https://even3.blob.core.windows.net/anais/797648.pdf,Claudianny Amorim Noronha,UFRN,RN
https://even3.blob.core.windows.net/anais/801890.pdf,MARIA JOSÉ COSTA DOS SANTOS,UFRN,RN
https://even3.blob.core.windows.net/anais/788402.pdf,CARMA MARIA MARTINI,UNIR,RO
https://even3.blob.core.windows.net/anais/788402.pdf,MARLI HENRIQUE DE LIMA PIO SURUI,UNIR,RO
https://even3.blob.core.windows.net/anais/801879.pdf,MÁRCIA REGINA DE SOUZA SILVA,UNIR,RO
https://even3.blob.core.windows.net/anais/801893.pdf,MÁRCIA REGINA DE SOUZA SILVA,UNIR,RO
https://even3.blob.core.windows.net/anais/801893.pdf,ISABEL CRISTINA DE SOUZA,UNIR,RO
https://even3.blob.core.windows.net/anais/801893.pdf,KÉCIO GONÇALVES LEITE,UNIR,RO
https://even3.blob.core.windows.net/anais/801431.pdf,LÉLIA MAXIMINO DA SILVA,Escola Municipal Indígena Vovó Tereza Januário,RR
https://even3.blob.core.windows.net/anais/801431.pdf,ADNELSON JATI BATISTA,IFRR,RR
https://even3.blob.core.windows.net/anais/801431.pdf,SOLANGE ALMEIDA SANTOS,IFRR,RR
https://even3.blob.core.windows.net/anais/788156.pdf,DELMA TÂNIA BERTHOLDO,IFRS,RS
https://even3.blob.core.windows.net/anais/788317.pdf,ISABEL CRISTINA MACHADO DE LARA,PUCRS,RS
https://even3.blob.core.windows.net/anais/788317.pdf,JULIANA BATISTA PEREIRA DOS SANTOS,Escola Estadual de Ensino Médio Bibiano de Almeida,RS
https://even3.blob.core.windows.net/anais/788317.pdf,LUÍS TIAGO OSTERBERG,PUCRS,RS
https://even3.blob.core.windows.net/anais/788435.pdf,CASSIO CRISTIANO GIORDANO,FURG,RS
https://even3.blob.core.windows.net/anais/789014.pdf,ISABEL CRISTINA MACHADO DE LARA,PUCRS,RS
https://even3.blob.core.windows.net/anais/791639.pdf,BIANCA BALBINOT,Cesuca,RS
https://even3.blob.core.windows.net/anais/791639.pdf,DAIANE RENATA MACHADO,Cesuca,RS
https://even3.blob.core.windows.net/anais/798586.pdf,DELMA TÂNIA BERTHOLDO,IFRS,RS
https://even3.blob.core.windows.net/anais/799943.pdf,CAROLINE ANGÉLICA SCHMIDT,Univates,RS
https://even3.blob.core.windows.net/anais/799943.pdf,IEDA MARIA GIONGO,Univates,RS
https://even3.blob.core.windows.net/anais/801038.pdf,IEDA MARIA GIONGO,Univates,RS
https://even3.blob.core.windows.net/anais/801038.pdf,KÁTIA LIGIA VIEIRA LIRA,Univates,RS
https://even3.blob.core.windows.net/anais/801456.pdf,ISABEL CRISTINA MACHADO DE LARA,PUCRS,RS
https://even3.blob.core.windows.net/anais/801509.pdf,DENISE CRISTINA RIBEIRO DA SILVA,Univates,RS
https://even3.blob.core.windows.net/anais/801509.pdf,IEDA MARIA GIONGO,Univates,RS
https://even3.blob.core.windows.net/anais/787094.pdf,JACKELINE RODRIGUES MENDES,UNICAMP,SP
https://even3.blob.core.windows.net/anais/787094.pdf,LUIZ FELIPE DE MELO PEREIRA,UNICAMP,SP
https://even3.blob.core.windows.net/anais/788428.pdf,ROGER MIARKA,UNESP,SP
https://even3.blob.core.windows.net/anais/788445.pdf,HARRYSON JÚNIO LESSA GONÇALVES,UNESP,SP
https://even3.blob.core.windows.net/anais/788445.pdf,JHEMERSON DA SILVA E NETO,UNESP,SP
https://even3.blob.core.windows.net/anais/788896.pdf,EVERALDO GOMES LEANDRO,IFSP,SP
https://even3.blob.core.windows.net/anais/788896.pdf,MAURA ARAUJO DIAS,IFSP,SP
https://even3.blob.core.windows.net/anais/789028.pdf,CARMEN LÚCIA BRANCAGLION PASSOS,UFSCar,SP
https://even3.blob.core.windows.net/anais/789048.pdf,ESTER LOPES MENDONÇA,USP,SP
https://even3.blob.core.windows.net/anais/789048.pdf,JÚLIO CÉSAR AUGUSTO DO VALLE,USP,SP
https://even3.blob.core.windows.net/anais/789064.pdf,VALDIRENE ROSA DE SOUZA,SEDUC,SP
https://even3.blob.core.windows.net/anais/789065.pdf,HARRYSON JÚNIO LESSA GONÇALVES,UNESP,SP
https://even3.blob.core.windows.net/anais/789947.pdf,EVERALDO GOMES LEANDRO,IFSP,SP
https://even3.blob.core.windows.net/anais/789947.pdf,MAURA ARAUJO DIAS,IFSP,SP
https://even3.blob.core.windows.net/anais/789947.pdf,RODRIGO REIS (Rodrigo dos Reis Silva),IFSP,SP
https://even3.blob.core.windows.net/anais/791282.pdf,CARLOS MUCUTA SANTOS,USP,SP
https://even3.blob.core.windows.net/anais/792436.pdf,MARCELO DE CARVALHO BORBA,UNESP,SP
https://even3.blob.core.windows.net/anais/799462.pdf,DANIEL OLIVEIRA DE ANDRADE,USP,SP
https://even3.blob.core.windows.net/anais/799462.pdf,JÚLIO CÉSAR AUGUSTO DO VALLE,USP,SP
https://even3.blob.core.windows.net/anais/801481.pdf,ANA GABRIELLE CAMARGO DE SOUZA,UNESP,SP
https://even3.blob.core.windows.net/anais/801481.pdf,ANDREIA LUNKES CONRADO,Unesp,SP
https://even3.blob.core.windows.net/anais/801518.pdf,ROGER MIARKA,UNESP,SP
https://even3.blob.core.windows.net/anais/801518.pdf,WANDERSON ROCHA LOPES,UNESP,SP
https://even3.blob.core.windows.net/anais/801657.pdf,ADEMIR DONIZETI CALDEIRA,UFSCar,SP
https://even3.blob.core.windows.net/anais/801657.pdf,RAFAEL BIDA GUABIRABA MARTINS,UFSCar,SP
https://even3.blob.core.windows.net/anais/801742.pdf,ALEXANDER CAVALCANTI VALENÇA,USP,SP
https://even3.blob.core.windows.net/anais/801822.pdf,MARCELO DE CARVALHO BORBA,UNESP,SP
https://even3.blob.core.windows.net/anais/801879.pdf,DEISE APARECIDA PERALTA,UNESP,SP
https://even3.blob.core.windows.net/anais/801879.pdf,MARCELA LOPES DE SANTANA,UNESP,SP
https://even3.blob.core.windows.net/anais/801966.pdf,FELIPPE ALLAN OSIRES SANTOS LOPES,UNICAMP,SP
https://even3.blob.core.windows.net/anais/801966.pdf,JACKELINE RODRIGUES MENDES,UNICAMP,SP
https://even3.blob.core.windows.net/anais/801976.pdf,HEINRICH DA SOLIDADE SANTOS,UNESP,SP
https://even3.blob.core.windows.net/anais/801976.pdf,JORGE ISIDRO ORJUELA BERNAL,UNICAMP,SP
https://even3.blob.core.windows.net/anais/794447.pdf,ALCIONE MARQUES FERNANDES,UFT,TO
https://even3.blob.core.windows.net/anais/800289.pdf,ADRIANO FONSECA,UFNT,TO
https://even3.blob.core.windows.net/anais/800289.pdf,ANDREY PATRICK MONTEIRO DE PAULA,UFNT,TO
https://even3.blob.core.windows.net/anais/800351.pdf,ALCIONE MARQUES FERNANDES,UFT,TO
https://even3.blob.core.windows.net/anais/800667.pdf,ELISANGELA APARECIDA PEREIRA DE MELO,UFNT,TO
https://even3.blob.core.windows.net/anais/800924.pdf,ALCIONE MARQUES FERNANDES,UFT,TO
https://even3.blob.core.windows.net/anais/802003.pdf,DAILSON EVANGELISTA COSTA,UFT,TO
https://even3.blob.core.windows.net/anais/802003.pdf,LUCAS PEREIRA DE ARAÚJO,UFNT,TO
https://even3.blob.core.windows.net/anais/802003.pdf,WAGNER DOS SANTOS MARIANO,UFNT,TO
https://even3.blob.core.windows.net/anais/788449.pdf,WILLIAM SOUSA DE JESUS,UFG,GO
https://even3.blob.core.windows.net/anais/788537.pdf,VANIA DE FATIMA TLUSZCZ LIPPERT,Secretaria Estadual de Educação do Paraná,PR
https://even3.blob.core.windows.net/anais/788547.pdf,JÚLIA PATRÍCIA OLIVEIRA DA SILVA,Instituto Educacional Integrado Matheus Costa Pinto,
https://even3.blob.core.windows.net/anais/788547.pdf,LAÍS CHAVES DAMIÃO,E.E.Theodoro Corrêa Cintra,SP
https://even3.blob.core.windows.net/anais/788896.pdf,DANILO GUAITULI CARDOSO,IFSP,SP
https://even3.blob.core.windows.net/anais/788896.pdf,ERICK JOSÉ DA SILVA SANTOS,IFSP,SP
https://even3.blob.core.windows.net/anais/788974.pdf,FÁBIO ROBERTO LADISLAU PANTOJA,UEAP,AP
https://even3.blob.core.windows.net/anais/788986.pdf,DAYENE FERREIRA DOS SANTOS,UNESP,SP
https://even3.blob.core.windows.net/anais/789014.pdf,SCHEILA DA ROSA ROCHA SERAFIM,PUCRS,RS
https://even3.blob.core.windows.net/anais/789014.pdf,VALDIRENE TEIXEIRA FLOR VIANA,PUCRS,RS
https://even3.blob.core.windows.net/anais/789016.pdf,CARMA MARIA MARTINI,UNIR,RO
https://even3.blob.core.windows.net/anais/789016.pdf,INGRID CAROLINE DA ROCHA MACHADO,UNIR,RO
https://even3.blob.core.windows.net/anais/789016.pdf,MIRENI DOS SANTOS ALVES,UNIR,RO
https://even3.blob.core.windows.net/anais/789034.pdf,ELTON DE ANDRADE VIANA,PUCSP,SP
https://even3.blob.core.windows.net/anais/789035.pdf,CATIANE TOLOSA BRITO,IFAP,AP
https://even3.blob.core.windows.net/anais/789044.pdf,ERNESTA DA SILVA ARAUJO,UNEMAT,MG
https://even3.blob.core.windows.net/anais/789044.pdf,LUCAS VALERIO CAMPOS,,
https://even3.blob.core.windows.net/anais/789050.pdf,FABIO CARDOSO MARINHO,UFRRJ,RJ
https://even3.blob.core.windows.net/anais/789050.pdf,GISELA MARIA DA FONSECA PINTO,UFRRJ,RJ
https://even3.blob.core.windows.net/anais/789062.pdf,CRISTIANO CORRÊA PANTOJA,IFPA,PA
https://even3.blob.core.windows.net/anais/789062.pdf,IVANA LORENA SENA FARIAS,IFPA,PA
https://even3.blob.core.windows.net/anais/789065.pdf,DOUGLAS MATHEUS GAIOLI DIAS,UNESP,SP
https://even3.blob.core.windows.net/anais/789066.pdf,FABRÍCIO DE SOUZA DE OLIVEIRA,IFBA,BA
https://even3.blob.core.windows.net/anais/789066.pdf,PATRÍCIA SANTANA DE ARGÔLO,IFBA,BA
https://even3.blob.core.windows.net/anais/789067.pdf,FABRÍCIO DE SOUZA DE OLIVEIRA,IFBA,BA
https://even3.blob.core.windows.net/anais/789070.pdf,TÂNIA PINTO DOS SANTOS SOUZA,UFRB,BA
https://even3.blob.core.windows.net/anais/791687.pdf,JUSCILENE NOLÊTO DE CARVALHO,UFMA,MA
https://even3.blob.core.windows.net/anais/791687.pdf,RENATO DARCIO NOLETO SILVA,UEPA,PA
https://even3.blob.core.windows.net/anais/792436.pdf,JOSÉ FERNANDES TORRES DA CUNHA,UNEMAT,MT
https://even3.blob.core.windows.net/anais/793359.pdf,LUCAS JUNIOR PAIXÃO,UFOP,MG
https://even3.blob.core.windows.net/anais/793767.pdf,MIRIAN ZUQUETO FARIAS,Secretaria Municipal de Educação (SEMED),PA
https://even3.blob.core.windows.net/anais/793767.pdf,RITIANNE DE FATIMA SILVA OLIVEIRA,Secretaria Municipal de Educação (SEMED),PA
https://even3.blob.core.windows.net/anais/793912.pdf,ELANI DOS ANJOS LOBATO,UNEMAT,MT
https://even3.blob.core.windows.net/anais/793912.pdf,MÔNICA TAFFAREL,UFMS,MS
https://even3.blob.core.windows.net/anais/793912.pdf,VICTOR LUIZ DUARTE RIGOTTI,UNEMAT,MT
https://even3.blob.core.windows.net/anais/794986.pdf,JOSÉ ERILDO LOPES JÚNIOR,UFPA,PA
https://even3.blob.core.windows.net/anais/797590.pdf,FILIPE SANTOS FERNANDES,UFMG,MG
https://even3.blob.core.windows.net/anais/797648.pdf,CLAUDIANNY AMORIM NORONHA,UFRN,RN
https://even3.blob.core.windows.net/anais/799701.pdf,RAFAEL ANTUNES MACHADO,UFMG,MG
https://even3.blob.core.windows.net/anais/799803.pdf,CAROLINA LUIZ ALVES,UFF,RJ
https://even3.blob.core.windows.net/anais/799913.pdf,ELIZIARA PEREIRA COUTINHO,UFMG,MG
https://even3.blob.core.windows.net/anais/800127.pdf,VICTOR DANIEL SOUSA GOMES,IFAP,AP
https://even3.blob.core.windows.net/anais/800127.pdf,WILKYRSON CALDAS LIMA,IFAP,IFAP
https://even3.blob.core.windows.net/anais/800129.pdf,LUCIANO DE SANTANA RODRIGUES,UFOP,MG
https://even3.blob.core.windows.net/anais/800164.pdf,DIOGO MONTEIRO DOS SANTOS,UFAP,AP
https://even3.blob.core.windows.net/anais/800164.pdf,MAWARE WAJÃPI,UFAP,AP
https://even3.blob.core.windows.net/anais/800164.pdf,PAURI WAIÃPI,UFAP,AP
https://even3.blob.core.windows.net/anais/800211.pdf,FELIPE LIMA,IFAP,AP
https://even3.blob.core.windows.net/anais/800302.pdf,LUIZ CLAUDIO DA SILVA,,RJ
https://even3.blob.core.windows.net/anais/800351.pdf,MARIANE DA SILVA AVELINO,UFT,TO
https://even3.blob.core.windows.net/anais/800401.pdf,CALVINO PEREIRA DA SILVEIRA JÚNIOR,UNIFESSPA,PA
https://even3.blob.core.windows.net/anais/800509.pdf,GISELE AMÉRICO SOARES,UFF,RJ
https://even3.blob.core.windows.net/anais/800509.pdf,MARÍLIA PAULA,IFRJ,RJ
https://even3.blob.core.windows.net/anais/800641.pdf,JACKELINE RODRIGUES MENDES,UNICAMP,SP
https://even3.blob.core.windows.net/anais/800954.pdf,KÉCIO GONÇALVES LEITE,UNIR,RO
https://even3.blob.core.windows.net/anais/800954.pdf,MIRENI DOS SANTOS ALVES,UNIR,RO
https://even3.blob.core.windows.net/anais/801008.pdf,JOAO FERRREIRA DA SILVA NETO,UNEAL,AL
https://even3.blob.core.windows.net/anais/801008.pdf,MAYLAN ERAE MENDONÇA DA SILVA,UNEAL,AL
https://even3.blob.core.windows.net/anais/801008.pdf,WILLAMES FERREIRA DE MAGALHÃES,UNEAL,AL
https://even3.blob.core.windows.net/anais/801209.pdf,MORANE ALMEIDA DE OLIVEIRA,IFAC,AC
https://even3.blob.core.windows.net/anais/801225.pdf,RABEKA FERREIRA,UFOP,MG
https://even3.blob.core.windows.net/anais/801325.pdf,WELLINGTON PIVETA OLIVEIRA,UFMS,MS
https://even3.blob.core.windows.net/anais/801456.pdf,SOLANGE CARVALHO DE SOUZA,,RS
https://even3.blob.core.windows.net/anais/801571.pdf,THEMIS CORRÊA VERAS DE LIMA,IFAP,AP
https://even3.blob.core.windows.net/anais/801585.pdf,FILIPE SANTOS FERNANDES,UFMG,MG
https://even3.blob.core.windows.net/anais/801585.pdf,LUCAS RODRIGUES SILVA,UFMG,MG
https://even3.blob.core.windows.net/anais/801597.pdf,JOSIEL RIBEIRO DOS SANTOS,UNIFESSPA,PA
https://even3.blob.core.windows.net/anais/801723.pdf,CLAUDIA DE JESUS MEIRA,SEEDUC,RJ
https://even3.blob.core.windows.net/anais/801769.pdf,LUARA LARESSA FERREIRA DOS SANTOS LIMA,UFG,GO
https://even3.blob.core.windows.net/anais/801795.pdf,JOSÉ DO SOCORRO DOS SANTOS DA COSTA,SEEDUC,PA
https://even3.blob.core.windows.net/anais/801795.pdf,ODIRLEY FERREIRA DA SILVA,SEEDUC,PA
https://even3.blob.core.windows.net/anais/801795.pdf,OSVALDO DOS SANTOS BARROS,UFPA,PA
https://even3.blob.core.windows.net/anais/801995.pdf,MARIANA BARBOSA CASSIANO,Rede privada de ensino,