Titulo,Autores,Eixo,Modalidade,Pdf
A AFROETNOMATEMÁTICA E SUAS CONTRIBUIÇÕES PARA UMA EDUCAÇÃO ANTIRRACISTA,Fábio Roberto Ladislau Pantoja; Elivaldo Serrao Custódio,Eixo 5 - Etnomatemática e Relações Étnico-Raciais,Comunicação oral,788974.pdf
A ANÁLISE DA ETNOMATEMÁTICA NA CONSTRUÇÃO DE FORNOS DE CARVÃO VEGETAL EM UMA COMUNIDADE CAMPESINA NO DISTRITO DO CORAÇÃO-MACAPÁ/AP,LEONARDO COSTA LOPES; Cesar Augusto da Sena Lameira,Eixo 6 - Práticas Pedagógicas e Pesquisas em Ciências e Matemática,Comunicação oral,801615.pdf
A ARTE E A RESISTÊNCIA QUILOMBOLA:  UMA REVISÃO DOS SABERES E FAZERES DAS ARTESÃS AFRODESCENDENTES,Kyrleys Pereira Vasconcelos; Maria Cecilia Fantinato,Eixo 4 – Etnomatemática e suas vertentes na Educação Matemática,Comunicação oral,799843.pdf
"A AUTOENOGRAFIA E A TERCEIRA MARGEM DO CONHECIMENTO: QUANDO (RE)FAZEMOS CAMINHOS, DANDO PASSOS ADIANTE",Kelly Vitória Serschön; João Severino Filho; LUCAS VALERIO CAMPOS,Eixo 3 – Etnomatemática na Educação Superior,Comunicação oral,788178.pdf
A COSMOLOGIA DO POVO GUARANI E KAIOWA E SUAS RELAÇÕES COM O ENSINO DE CIÊNCIAS: EDUCAÇÃO ESCOLAR INDÍGENA E DIVERSIDADE,Rhuan Guilherme Tardo Ribeiro; Renato Souza da Cruz; Bruna Marques Duarte,Eixo Temático 7 - Conhecimentos Ancestrais em Ciências: Diálogos Interculturais.,Comunicação oral,788538.pdf
A DECOLONIALIDADE E A ETNOMATEMÁTICA: LEVANTAMENTO INICIAL DAS PESQUISAS BRASILEIRAS,Danilo Guaituli Cardoso; Erick José da Silva Santos; Everaldo Gomes Leandro; Maura Araujo Dias,Eixo 4 – Etnomatemática e suas vertentes na Educação Matemática,Pôster,788896.pdf
A EDUCAÇÃO FINANCEIRA CRÍTICA COMO FERRAMENTA DE INTERDISCIPLINARIDADE NOS ESTUDOS DE CIÊNCIAS E MATEMÁTICA PARA A VALORIZAÇÃO DOS SABERES POPULARES,FABIO CARDOSO MARINHO; Gisela Maria da Fonseca Pinto,Eixo 6 - Práticas Pedagógicas e Pesquisas em Ciências e Matemática,Comunicação oral,789050.pdf
A ETNOFISICA PRESENTE NA FABRICAÇÃO DA CANOA INY,Maria Nazaré Souza Nascimento; Adailton Alves da Silva; ANDREIA DA SILVA FEITOSA,Eixo Temático 7 - Conhecimentos Ancestrais em Ciências: Diálogos Interculturais.,Comunicação oral,791528.pdf
A ETNOMATEMÁTICA APLICADA NO COTIDIANO DA EDUCAÇÃO DE JOVENS E ADULTOS,Adriano Vargas Freitas; Lilian Regina Araujo dos Santos; Márcia Lucas de Oliveira,Eixo 2 – Etnomatemática na Educação Básica,Comunicação oral,789029.pdf
A ETNOMATEMÁTICA COMO POSSIBILIDADE PEDAGÓGICA NO CONTEXTO EDUCACIONAL SOCIOCULTURAL DOS ESTUDANTES DA/NA EDUCAÇÃO DO CAMPO,Cristiano Corrêa Pantoja; Ivana Lorena Sena Farias,Eixo 2 – Etnomatemática na Educação Básica,Comunicação oral,789062.pdf
A ETNOMATEMÁTICA COMO POSTURA CONTRA COLONIAL NA EDUCAÇÃO NÃO ESCOLAR: OS SABERES DIFUNDIDOS NA VILA DOS PESCADORES EM BRAGANÇA – PA,Calvino Pereira da Silveira Júnior; José Sávio Bicho de Oliveira; Mônica Mesquita,Eixo 6 - Práticas Pedagógicas e Pesquisas em Ciências e Matemática,Comunicação oral,800401.pdf
A ETNOMATEMÁTICA COMO UM CAMINHO PARA APRENDIZAGEM DA GEOMETRIA ESPACIAL: UM RELATO DE EXPERIÊNCIA DE LICENCIANDOS EM MATEMÁTICA DO INSTITUTO FEDERAL DO AMAPÁ,Victor Daniel Sousa Gomes; WILKYRSON CALDAS LIMA; Romaro Silva,Eixo 2 – Etnomatemática na Educação Básica,Pôster,800127.pdf
A ETNOMATEMÁTICA E A PESCARIA GUARANI NO FORTALECIMENTO DA EDUCAÇÃO ESCOLAR INDÍGENA NO TEKOHA OCOY,VANIA DE FATIMA TLUSZCZ LIPPERT; Rhuan Guilherme Tardo Ribeiro; Bruna Marques Duarte,"Eixo 1 – Educação Escolar dos Povos Originários, Ancestrais e Tradicionais",Comunicação oral,788537.pdf
A ETNOMATEMÁTICA E AS QUESTÕES ÉTNICO-RACIAIS NA FORMAÇÃO DE PROFESSORES E NAS MATRIZES CURRICULARES DE ALGUMAS CIDADES DO TRIÂNGULO MINEIRO,Janaina Aparecida de Oliveira; Cristiane Coppe de Oliveira,Eixo 5 - Etnomatemática e Relações Étnico-Raciais,Comunicação oral,788940.pdf
A ETNOMATEMÁTICA E SUA CONTRIBUIÇÃO PARA O ENSINO DA MATEMÁTICA: EXPERIÊNCIA COM OS JOGOS,Jainy Ellen Cassiano Mota; Paulo Eduardo Bezerra Da Silva; Joerdesson Douglas Silva De Farias; Maria Aparecida dos Santos Ferreira,Eixo 2 – Etnomatemática na Educação Básica,Pôster,789068.pdf
A ETNOMATEMÁTICA NA FORMAÇÃO DE PROFESSORES/AS EM UMA LICENCIATURA EM EDUCAÇÃO DO CAMPO: DESCREVENDO MATEMATICAMENTE PRÁTICAS DE MEDIR CAMPONESAS,Filipe Santos Fernandes,Eixo 3 – Etnomatemática na Educação Superior,Comunicação oral,797590.pdf
A ETNOMATEMÁTICA NAS PRÁTICAS DE PROFESSORAS QUE ENSINAM MATEMÁTICA NA EJA,Ester Lopes Mendonça; Júlio César Augusto Do Valle,Eixo 2 – Etnomatemática na Educação Básica,Comunicação oral,789048.pdf
A ETNOMATEMÁTICA: O SABER/FAZER DE COSTUREIRAS DO MUNICÍPIO DE CANAÃ DOS CARAJÁS-PA,MIRIAN ZUQUETO FARIAS; Ritianne de Fatima Silva Oliveira,Eixo 4 – Etnomatemática e suas vertentes na Educação Matemática,Comunicação oral,793767.pdf
A ETNONOMATEMÁTICA EM SALA DE AULA COMO “PONTE” E COMO “MOLA”:  METÁFORAS REFLEXIVAS SOBRE AS PRÁTICAS PEDAGÓGICAS,Márcio de Albuquerque Vianna,Eixo 6 - Práticas Pedagógicas e Pesquisas em Ciências e Matemática,Comunicação oral,787894.pdf
A FORMAÇÃO INICIAL DE PROFESSORAS E PROFESSORES QUE ENSINAM MATEMÁTICA NO BRASIL E PERU – CAMINHOS ETNOGRÁFICOS,Márcia Regina de Souza Silva; Marcela Lopes de Santana; Deise Aparecida Peralta,Eixo 6 - Práticas Pedagógicas e Pesquisas em Ciências e Matemática,Comunicação oral,801879.pdf
A GEOMETRIA SONA:  UM LEVANTAMENTO DE PESQUISAS ANTERIORES,Andreza Aparecida Carvalho Januario Gonçalves; Dora Soraia Kindel; Márcio de Albuquerque Vianna,Eixo 5 - Etnomatemática e Relações Étnico-Raciais,Comunicação oral,788374.pdf
A PEDAGOGIA RIKBAKTSA: SABERES E FAZERES EM PROCESSOS SOCIOEDUCATIVOS.,ELANI DOS ANJOS LOBATO; Mônica Taffarel; VICTOR LUIZ DUARTE RIGOTTI,"Eixo 1 – Educação Escolar dos Povos Originários, Ancestrais e Tradicionais",Comunicação oral,793912.pdf
A PERSPECTIVA DA ETNOMATEMÁTICA NO DIFERENCIADO CONTEXTO DA PRIVAÇÃO DE LIBERDADE,Isabel Cristina Machado de Lara; Solange Carvalho de Souza,Eixo 6 - Práticas Pedagógicas e Pesquisas em Ciências e Matemática,Comunicação oral,801456.pdf
A PESCA DO MAPARÁ E A MATEMÁTICA RIBEIRINHA,RELINALDO PINHO DE OLIVEIRA; Iran Abreu Mendes; CARLOS ALDEMIR FARIAS DA SILVA,"Eixo 1 – Educação Escolar dos Povos Originários, Ancestrais e Tradicionais",Comunicação oral,800095.pdf
A PROPORCIONALIDADE NAS PRÁTICAS SOCIAIS DOS TECELÕES,Edney Araujo Lima; Claudianny Amorim Noronha,"Eixo 1 – Educação Escolar dos Povos Originários, Ancestrais e Tradicionais",Comunicação oral,797648.pdf
A PSICOGÊNESE DO IMAGINÁRIO MATEMÁTICO E SEUS MOVIMENTOS DE APRENDIZAGEM,Pablo Rwany Batista Ribeiro do Vale,Eixo 6 - Práticas Pedagógicas e Pesquisas em Ciências e Matemática,Comunicação oral,788368.pdf
A QUARTA E A MATEMÁTICA DO IMIGRANTE ITALIANO NO RS,Delma Tânia Bertholdo,Eixo 6 - Práticas Pedagógicas e Pesquisas em Ciências e Matemática,Comunicação oral,798586.pdf
AÇÕES DE PESQUISA E EXTENSÃO DESENVOLVIDAS NA FORMAÇÃO CONTINUADA DE PROFESSORES INDÍGENAS DO ALTO RIO NEGRO-AM,Gerson Bacury; Elisangela Aparecida Pereira de Melo; Rosane Gonçalves Cruz,Eixo 2 – Etnomatemática na Educação Básica,Comunicação oral,800667.pdf
AFRICANIZAR A MATEMÁTICA: UMA EXPERIÊNCIA COM A GEOMETRIA SONA EM UMA ESCOLA RURAL DO INTERIOR DE SÃO PAULO,Rodrigo Reis; Maura Araujo Dias; Everaldo Gomes Leandro,Eixo 2 – Etnomatemática na Educação Básica,Comunicação oral,789947.pdf
ALCANÇANDO UMA EDUCAÇÃO CULTURALMENTE INCLUSIVA: UMA DISCUSSÃO GERADA NO ÂMBITO DA NEURODIVERSIDADE,Elton de Andrade Viana,Eixo 4 – Etnomatemática e suas vertentes na Educação Matemática,Comunicação oral,789034.pdf
ANÁLISE CURRICULAR DO CURSO DE MATEMÁTICA DA UFPA NA PERSPECTIVA DA ETNOMATEMÁTICA,Reinaldo Feio Lima; Cassio Cristiano Giordano,Eixo 3 – Etnomatemática na Educação Superior,Comunicação oral,788435.pdf
ANCESTRALIDADE NA COMUNIDADE DO MARUANUM: ETNOMATEMÁTICA E SABERES CULTURAIS,Felipe Lima; José Roberto Linhares de Mattos; Romaro Silva,Eixo Temático 7 - Conhecimentos Ancestrais em Ciências: Diálogos Interculturais.,Comunicação oral,800211.pdf
APRENDER ENTRE AS PLANTAS COM UMA MESTRA RAIZEIRA: EDUCAÇÃO [MATEMÁTICA] DO CAMPO EM UM GIRO DECOLONIAL,Eliziara Pereira Coutinho; Carolina Tamayo Osorio,Eixo 4 – Etnomatemática e suas vertentes na Educação Matemática,Comunicação oral,799913.pdf
ARTE INDÍGENA: INVESTIGAÇÃO MATEMÁTICA DA MANDALA OLHO DE DEUS,Júlia Patrícia Oliveira da Silva; Laís Chaves Damião,Eixo 2 – Etnomatemática na Educação Básica,Pôster,788547.pdf
AS CONCEPÇÕES DE CULTURA EM TESES DE ETNOMATEMÁTICA: UM ESTADO DA ARTE,Claudia de Jesus Meira; Maria Cecilia Fantinato,Eixo 4 – Etnomatemática e suas vertentes na Educação Matemática,Comunicação oral,801723.pdf
AS LOUCEIRAS DO MARUANUM E ETNOMATEMÁTICA:  O OLHAR DE UM ACADÊMICO DE LICENCIATURA EM MATEMÁTICA,José Raimundo Costa Tavares Bisneto; Sandra Maria Nascimento de Mattos; Mônica Mesquita,Eixo Temático 7 - Conhecimentos Ancestrais em Ciências: Diálogos Interculturais.,Comunicação oral,799128.pdf
AS PESQUISAS EM ETNOMODELAGEM NO GEPTEMAC,Zulma Elizabete de Freitas Madruga; Alcione Marques Fernandes,Eixo 4 – Etnomatemática e suas vertentes na Educação Matemática,Comunicação oral,800924.pdf
AS RELAÇÕES DOS SABERES ETNOMATEMÁTICA COM AS PRÁTICAS APLICADAS A EDUCAÇÃO QUILOMBOLA: UM ESTUDO BIBLIOGRÁFICO,Eliene Alves De Aquino; FRANCISCA PEREIRA PAIVA; MARIA Vandia Guedes Lima; Antônia Francieuda Pinheiro Cavalcante,Eixo 2 – Etnomatemática na Educação Básica,Pôster,801017.pdf
AS RELAÇÕES DOS SABERES ETNOMATEMÁTICA COM AS PRÁTICAS APLICADAS A EDUCAÇÃO QUILOMBOLA: UM ESTUDO BIBLIOGRÁFICO,Eliene Alves De Aquino; FRANCISCA PEREIRA PAIVA; MARIA Vandia Guedes Lima; Antônia Francieuda Pinheiro Cavalcante,"Eixo 1 – Educação Escolar dos Povos Originários, Ancestrais e Tradicionais",Pôster,802000.pdf
AS TÉCNICAS UTILIZADAS POR MULHERES NA PESCA ARTESANAL EM UMA COMUNIDADE RIBEIRINHA DA AMAZÔNIA PARAENSE,ROSALINA DAMIAO SOUZA MELO; MARCOS MARQUES FORMIGOSA; Renan Rodrigues do Vale,Eixo 6 - Práticas Pedagógicas e Pesquisas em Ciências e Matemática,Comunicação oral,798984.pdf
AUTORES BRASILEIROS NA PESQUISA ETNOMATEMÁTICA EUROPEIA,Maria Cecilia Fantinato; Carolina Luiz Alves; Kyrleys Pereira Vasconcelos,Eixo 4 – Etnomatemática e suas vertentes na Educação Matemática,Comunicação oral,799803.pdf
"BRAÇA, QUADRINHO E TAREFA: ELABORAÇÃO DE ETNOMODELOS A PARTIR DE UNIDADES DE MEDIDAS NÃO PADRONIZADAS DA AGRICULTURA FAMILIAR",Luciano de Santana Rodrigues; Milton Rosa,Eixo 4 – Etnomatemática e suas vertentes na Educação Matemática,Comunicação oral,800129.pdf
CASACA EM FOCO: DA FOTOGRAFIA AO PENSAMENTO GEOMÉTRICO NUMA PERSPECTIVA ETNOMATEMÁTICA,Alexandre Maia Ferreira; José Carlos Thompson da Silva; Ligia Arantes Sad,Eixo 2 – Etnomatemática na Educação Básica,Comunicação oral,788426.pdf
CASAS CONSTRUÍDAS E (RE)SIGNIFICAÇÃO DE SABERES INDÍGENAS EM AULAS DE MATEMÁTICA: PROPOSTAS PRÁTICAS PARA A EDUCAÇÃO BÁSICA,Ana Paula Azevedo Moura Careta; Ligia Arantes Sad,Eixo 2 – Etnomatemática na Educação Básica,Comunicação oral,789057.pdf
CESTARIA PANTANEIRA DE SALSAPARRILHA: INDICAÇÕES DE ETNOMODELOS PARA AÇÃO PEDAGÓGICA EM MATEMÁTICA,Wellington Piveta Oliveira,Eixo 6 - Práticas Pedagógicas e Pesquisas em Ciências e Matemática,Comunicação oral,801325.pdf
CONCEPÇÕES DE DOCENTES SOBRE O ENSINO DE PADRÕES GEOMÉTRICOS A PARTIR DE PRODUÇÕES AFRO-BRASILEIRAS,Aparecida Ferreira Lopes; Sandra Aparecida Fraga da Silva,Eixo 6 - Práticas Pedagógicas e Pesquisas em Ciências e Matemática,Comunicação oral,801676.pdf
CONHECIMENTO MATEMÁTICO AFRICANO E EDUCAÇÃO ANTIRRACISTA: EXERCITANDO A TRANSDISCIPLINARIDADE,Antonia Geane Dos Santos Ferreira; Kelly Almeida de Oliveira; Ana Priscila Sampaio Rebouças,Eixo 5 - Etnomatemática e Relações Étnico-Raciais,Comunicação oral,801296.pdf
CULTURA DIGITAL E ETNOMATEMÁTICA: INVESTIGANDO SABERES E PRÁTICAS EM CONTEXTOS NÃO ESCOLARES,Andreia Lunkes Conrado; Ana Gabrielle Camargo de Souza,Eixo 4 – Etnomatemática e suas vertentes na Educação Matemática,Comunicação oral,801481.pdf
DESAFIOS DA EDUCAÇÃO MATEMÁTICA INDÍGENA PARA A VALORIZAÇÃO CULTURAL E A EMANCIPAÇÃO SOCIOPOLÍTICA,LORENA AMADOR VILHENA,"Eixo 1 – Educação Escolar dos Povos Originários, Ancestrais e Tradicionais",Pôster,801945.pdf
DESVENDANDO A MATEMÁTICA POR TRÁS DAS MANIFESTAÇÕES CULTURAIS AFRO-BRASILEIRAS E INDÍGENAS: UMA ABORDAGEM NO ENSINO SUPERIOR,Débora De Oliveira Couto Da Silva; Rayane Alvarenga Beserra Da Silva; Eulina Coutinho Silva do Nascimento,Eixo 3 – Etnomatemática na Educação Superior,Comunicação oral,801992.pdf
DIÁSPORA AFRICANA:  TRAÇANDO ROTAS ENTRE ETNOMATEMÁTICA E DECOLONIALIDADE,Dayla Costa Guedes; Ana Priscila Sampaio Rebouças,Eixo 5 - Etnomatemática e Relações Étnico-Raciais,Comunicação oral,796162.pdf
DIFERENTES MÉTODOS DE CUBAGEM DE MADEIRA: SABERES MATEMÁTICOS MOBILIZADOS COM ESTUDANTES DE UMA LICENCIATURA EM EDUCAÇÃO DO CAMPO,Josiel Ribeiro Dos Santos; José Sávio Bicho de Oliveira,Eixo 3 – Etnomatemática na Educação Superior,Comunicação oral,801597.pdf
DISCURSOS DE PROFESSORAS E PROFESSORES DE ESCOLA DO CAMPO: UMA EXPERIÊNCIA DE PESQUISA,Márcia Regina de Souza Silva; Kécio Gonçalves Leite; Isabel Cristina de Souza,Eixo 6 - Práticas Pedagógicas e Pesquisas em Ciências e Matemática,Comunicação oral,801893.pdf
"DIVISÃO, TROCAS E PARTILHAS DE POVOS CULTURALMENTE DISTINTOS",Adailton Alves da Silva; João Severino Filho,Eixo Temático 7 - Conhecimentos Ancestrais em Ciências: Diálogos Interculturais.,Comunicação oral,800315.pdf
DOS FIOS TRANÇADOS AOS PADRÕES GEOMÉTRICOS: O ARTESANATO DAS BORDADEIRAS DE SÃO JOÃO DOS PATOS NUMA PERSPECTIVA ETNOMATEMÁTICA.,Juscilene Nolêto De Carvalho; RENATO DARCIO NOLETO SILVA,Eixo 4 – Etnomatemática e suas vertentes na Educação Matemática,Comunicação oral,791687.pdf
"''É COISA DE PRETO, NÉ?'' ETNOSABERES, ETNOCULTURA E ETNOCIÊNCIA:  UM OLHAR SOBRE A AFROETNOMATEMÁTICA E O CANDOMBLÉ.",Fabrício de Souza de Oliveira; Patrícia Santana de Argôlo,Eixo Temático 7 - Conhecimentos Ancestrais em Ciências: Diálogos Interculturais.,Comunicação oral,789066.pdf
ENCONTRO ENTRE A MATEMÁTICA ESPONTÂNEA DA CULTURA UMBUNDU/BIÉ-ANGOLA COM A ACADÊMICA/ESCOLAR EM UMA AULA DE GEOMETRIA ANALÍTICA. UM DIÁLOGO ENTRE A ETNOMATEMÁTICA E A TEORIA DA OBJETIVAÇÃO,Ezequias Adolfo Domingas Cassela,Eixo 3 – Etnomatemática na Educação Superior,Comunicação oral,786254.pdf
"ENTRELAÇANDO SABERES: ETNOMATEMÁTICA E EDUCAÇÃO NO CONTEXTO RURAL EM SUA DIMENSÃO AFETIVA""",Luiza Betânia Gevergí Lacerda; Eulina Coutinho Silva do Nascimento,Eixo 2 – Etnomatemática na Educação Básica,Comunicação oral,801877.pdf
"ÈṢÙ, É QUEM PERMITE A COMUNICAÇÃO: UMA ANÁLISE SOBRE O MÉRÌNDILOGÚN, O ORÁCULO DO CANDOMBLÉ",Fabrício de Souza de Oliveira,Eixo Temático 7 - Conhecimentos Ancestrais em Ciências: Diálogos Interculturais.,Comunicação oral,789067.pdf
ETNOFISICA PRESENTE NA CERIMÔNIA DO TÒÒ DO POVO INY,ANDREIA DA SILVA FEITOSA; Adailton Alves da Silva; Maria Nazaré Souza Nascimento,Eixo Temático 7 - Conhecimentos Ancestrais em Ciências: Diálogos Interculturais.,Comunicação oral,791530.pdf
ETNOMATEMÁTICA COMO DISCURSO DIGITAL: UMA ABORDAGEM À LUZ DA SUA DIMENSÃO COGNITIVA,Geciara da Silva Carvalho; Olenêva Sanches Sousa; Marcelo de Carvalho Borba,Eixo 4 – Etnomatemática e suas vertentes na Educação Matemática,Comunicação oral,801822.pdf
ETNOMATEMÁTICA DOS KAIOWÁ DA ARROIO KORÁ: ENTRE ESPAÇOS ESCOLARES E NÃO ESCOLARES,Jaquelino Fernandes; Maria Aparecida Mendes de Oliveira,"Eixo 1 – Educação Escolar dos Povos Originários, Ancestrais e Tradicionais",Comunicação oral,800902.pdf
ETNOMATEMÁTICA E  A PASSAGEM DO TEMPO: O QUE DIZ UM GRUPO DE ESTUDANTES DE PEDAGOGIA,Kátia Ligia Vieira Lira; Ieda Maria Giongosaiba,Eixo 3 – Etnomatemática na Educação Superior,Comunicação oral,801038.pdf
"ETNOMATEMÁTICA E  FORMAS DE VIDA DE ESTUDANTES DO BAIRRO MARIA MAGDALENA, ITAITUBA, PA",Caroline Angélica Schmidt; Ieda Maria Giongosaiba,Eixo 2 – Etnomatemática na Educação Básica,Comunicação oral,799943.pdf
ETNOMATEMÁTICA E CULTURA QUILOMBOLA: ALGUMAS REFLEXÕES,Ana Beatriz da Silva Lemos; ANTONIO ROBERTO XAVIER; Eliene Alves De Aquino; Maria José Costa dos Santos,Eixo 5 - Etnomatemática e Relações Étnico-Raciais,Pôster,801890.pdf
ETNOMATEMÁTICA E DECOLONIALIDADE:  ANÁLISE METODOLÓGICA DE UMA INTERCESSÃO AFLORANTE,Douglas Matheus Gaioli Dias; Harryson Júnio Lessa Gonçalves; José Sávio Bicho de Oliveira,Eixo 4 – Etnomatemática e suas vertentes na Educação Matemática,Comunicação oral,789065.pdf
ETNOMATEMÁTICA E EDUCAÇÃO ESCOLAR INDÍGENA: REFLEXÕES PEDAGÓGICAS NA EDUCAÇÃO PROFISSIONAL TECNOLÓGICA,Darlane Cristina Maciel Saraiva; José Roberto Linhares de Mattos,"Eixo 1 – Educação Escolar dos Povos Originários, Ancestrais e Tradicionais",Comunicação oral,801423.pdf
ETNOMATEMÁTICA E FILOSOFIA DA DIFERENÇA: A PRODUÇÃO DE UMA AGENDA DE PESQUISA,Roger Miarka,Eixo 4 – Etnomatemática e suas vertentes na Educação Matemática,Comunicação oral,788428.pdf
ETNOMATEMÁTICA E INTERCULTURALIDADE: APROXIMAÇÕES A PARTIR DA CULTURA AMAZÔNICA,Ana Clédina Rodrigues Gomes; Mateus Oliveira Martins; Valdineia Rodrigues Lima,Eixo 3 – Etnomatemática na Educação Superior,Comunicação oral,800715.pdf
ETNOMATEMÁTICA E MÚSICA PERCUSSIVA COMO CAMINHOS POSSÍVEIS AO ENFRENTAMENTO ÀS DESIGUALDADES ÉTNICO-RACIAIS,Luiz Claudio da Silva,Eixo 5 - Etnomatemática e Relações Étnico-Raciais,Comunicação oral,800302.pdf
ETNOMATEMÁTICA E SABERES MATEMÁTICOS DOS PRODUTORES DE MELANCIA EM URUANA-GO: UMA ANÁLISE SOBRE SEU PROCESSO FORMATIVO,RODRIGO BASTOS DAUDE; Thaís Regina Domingues Kubo,Eixo 4 – Etnomatemática e suas vertentes na Educação Matemática,Comunicação oral,799464.pdf
ETNOMATEMÁTICA NAS RELAÇÕES ENTRE ENSINO DA MATEMÁTICA E AS VIVÊNCIAS RIBEIRINHAS NO SOME EM ABAETETUBA - PA,josé do socorro dos santos da costa; Odirley Ferreira da Silva; Osvaldo dos Santos Barros,Eixo 2 – Etnomatemática na Educação Básica,Comunicação oral,801795.pdf
ETNOMATEMÁTICA NO CURRÍCULO: VIVÊNCIAS E FAZERES NOS CURSOS DE LICENCIATURA EM MATEMÁTICA E DE PEDAGOGIA NA UFNT,Adriano Fonseca; Andrey Patrick Monteiro de Paula,Eixo 3 – Etnomatemática na Educação Superior,Comunicação oral,800289.pdf
"ETNOMATEMÁTICA, CURRÍCULO E DECOLONIALIDADE",Élida de Sousa Peres; Elizabeth Gomes Souza,Eixo 3 – Etnomatemática na Educação Superior,Comunicação oral,789061.pdf
"ETNOMATEMÁTICA, DECOLONIALIDADE E CONTRACONDUTA:   ARTICULAÇÕES POSSÍVEIS",Isabel Cristina Machado de Lara; Luís Tiago Osterberg; Juliana Batista Pereira dos Santos,Eixo 4 – Etnomatemática e suas vertentes na Educação Matemática,Comunicação oral,788317.pdf
"ETNOMATEMÁTICA, EDUCAÇÃO E DECOLONIALIDADES:  OS JOGOS DE MANCALA PELAS NARRATIVAS DOCENTES",Julio Omar; Márcio de Albuquerque Vianna,Eixo 5 - Etnomatemática e Relações Étnico-Raciais,Comunicação oral,788173.pdf
ETNOMATEMÁTICAS E ETNOFÍSICA:  UMA CARTOGRAFIA DAS PRODUÇÕES ACADÊMICAS NO INSTITUTO FEDERAL DO PIAUÍ,Raimundinha Nunes Gomes Vilanova; ANTONIO FRANCISCO RAMOS,Eixo 3 – Etnomatemática na Educação Superior,Comunicação oral,801545.pdf
ETNOMODELAGEM NA FAZENDA MATÃO:  UMA INVESTIGAÇÃO SOBRE A PRODUÇÃO E COMERCIALIZAÇÃO DA RAPADURA,Alcione Marques Fernandes; Mariane da Silva Avelino,Eixo 4 – Etnomatemática e suas vertentes na Educação Matemática,Comunicação oral,800351.pdf
ETNOMODELAGEM PARA AS RELAÇÕES ÉTNICO-RACIAIS: UMA AÇÃO PEDAGÓGICA PARA IMPLEMENTAÇÃO DA LEI N° 10.639/03,Lucas Junior Paixão; Milton Rosa,Eixo 5 - Etnomatemática e Relações Étnico-Raciais,Comunicação oral,793359.pdf
EXPLORANDO NOVAS ABORDAGENS PEDAGÓGICAS POR MEIO DE PROJETOS DE EXTENSÃO E SOCIAIS: INTEGRAÇÃO DE CIÊNCIAS EXATAS NO CONTEXTO EDUCACIONAL,Marcos Silva Albuquerque; Gadi Silva Dos Santos; Rute Carvalho Farias,Eixo 6 - Práticas Pedagógicas e Pesquisas em Ciências e Matemática,Pôster,789049.pdf
FAR LA DRESSA: GEOMETRIA E CULTURA DO IMIGRANTE ITALIANO NO RIO GRANDE DO SUL,Delma Tânia Bertholdo,Eixo 4 – Etnomatemática e suas vertentes na Educação Matemática,Comunicação oral,788156.pdf
FEIRA AMAZONENSE DE MATEMÁTICA: O QUE OS TRABALHOS EXPOSTOS REVELAM SOBRE AS MATEMÁTICAS AMAZÔNICAS?,Leonard Euler Valente Feitosa; Yachiko Nascimento Wakiyama,Eixo 2 – Etnomatemática na Educação Básica,Comunicação oral,801012.pdf
FILOSOFIAS AFRICANAS E O PROGRAMA ETNOMATEMÁTICA: AQUILOMBANDO DIÁLOGOS TEÓRICOS,ALEXANDER CAVALCANTI VALENÇA; Cristiane Coppe de Oliveira,Eixo 5 - Etnomatemática e Relações Étnico-Raciais,Comunicação oral,801742.pdf
FOMENTANDO A DIVERSIDADE CULTURAL E EQUIDADE ATRAVÉS DOS SABERES MATEMÁTICOS APRESENTADOS NA COMUNIDADE QUILOMBOLA DE PORTO LEOCÁRDIO,William Sousa de Jesus; JOSE PEDRO MACHADO RIBEIRO,Eixo 5 - Etnomatemática e Relações Étnico-Raciais,Pôster,788449.pdf
FORMAÇÃO INICIAL DE DOCENTES INDÍGENAS EM RONDÔNIA E AS CONTRIBUIÇÕES DA ETNOMATEMÁTICA,Mireni dos Santos Alves; Ingrid Caroline Da Rocha Machado; Carma Maria Martini,"Eixo 1 – Educação Escolar dos Povos Originários, Ancestrais e Tradicionais",Comunicação oral,789016.pdf
GRAFISMOS INDÍGENAS E FUNÇÕES DE DUAS VARIÁVEIS,Maylan Erae Mendonça da Silva; Joao Ferrreira da Silva Neto; Willames Ferreira de Magalhães,Eixo 3 – Etnomatemática na Educação Superior,Pôster,801008.pdf
IDENTIFICAÇÃO DE SABERES DO ARTESANATO DO BORDADO COM POTENCIAL DE FAVORECER A EDUCAÇÃO FINANCEIRA,Suellen Soares Silva dos Santos; José Roberto da Silva; Maria Aparecida da Silva Rufino,Eixo 4 – Etnomatemática e suas vertentes na Educação Matemática,Comunicação oral,789076.pdf
IDIOSINCRASIAS IDENTITÁRIAS NOS TCC’S SOBRE ETNOMÁTEMATICA PROGRAMA ENSINAR,Syliman Lyandra Lima Coqueiro; LAINE SILVA RAMOS; Mauro Guterres Barbosa,Eixo 3 – Etnomatemática na Educação Superior,Comunicação oral,801449.pdf
INDÍGENA BRASILEIRO E INDÍGENA ANGOLANO. QUE DIFERENÇA? SABERES MATEMÁTICOS DO POVO CHOKWE DO CAMAXILO - ANGOLA,Carlos Mucuta Santos,Eixo Temático 7 - Conhecimentos Ancestrais em Ciências: Diálogos Interculturais.,Comunicação oral,791282.pdf
"INTERAÇÕES POLISSÊMICAS ENTRE A ETNOMATEMÁTICA, A JUSTIÇA SOCIAL E PEDAGOGIA CULTURALMENTE RELEVANTE",Daniel Clark Orey; Zulma Elizabete de Freitas Madruga; Ana Del Valle Duarte Castillo,Eixo 4 – Etnomatemática e suas vertentes na Educação Matemática,Comunicação oral,801443.pdf
"INTERLOCUÇÕES POLISSÊMICAS ENTRE A ETNOCIÊNCIA, A ETNOMATEMÁTICA, E ETNOMODELAGEM E OUTROS CAMPOS DO CONHECIMENTO",Milton Rosa; Alcione Marques Fernandes; Rodrigo Carlos Pinheiro,Eixo 4 – Etnomatemática e suas vertentes na Educação Matemática,Comunicação oral,794447.pdf
INVERNO NA REGIÃO POTENGI: UM ESTUDO ACERCA DA ETNOMATEMATICA,Wilton Alexandre Do Nascimento; Jainy Ellen Cassiano Mota; Francisco Djnnathan da Silva Gonçalves,Eixo 2 – Etnomatemática na Educação Básica,Comunicação oral,789074.pdf
INVESTIGAÇÕES ETNOMATEMÁTICAS E O SABER/FAZER DE  ALUNAS E ALUNOS DO SÉTIMO ANO DO ENSINO FUNDAMENTAL,LILIAN DE CAMPOS MARINHO CRUZ; JOSE PEDRO MACHADO RIBEIRO,Eixo 2 – Etnomatemática na Educação Básica,Pôster,801959.pdf
JOGOS ETNOMATEMÁTICOS NA SALA DE AULA: EXPERIÊNCIAS E REFLEXÕES EM UMA ESCOLA PARTICULAR NO INTERIOR DE SÃO PAULO,Dayene Ferreira dos Santos,Eixo 2 – Etnomatemática na Educação Básica,Pôster,788986.pdf
MAPEAMENTO DE PESQUISAS SOBRE ETNOMATEMÁTICA INDÍGENA,Clenivaldo Forte Batista; Cristiane do Socorro dos Santos Nery,"Eixo 1 – Educação Escolar dos Povos Originários, Ancestrais e Tradicionais",Pôster,788203.pdf
MAPEAMENTO DE PRODUÇÕES ACADÊMICAS NA INTERFACE ENTRE EDUCAÇÃO ESCOLAR INDÍGENA E EDUCAÇÃO MATEMÁTICA,Jhemerson da Silva e Neto; Harryson Júnio Lessa Gonçalves; Antonio Hilario Aguilera Urquiza,"Eixo 1 – Educação Escolar dos Povos Originários, Ancestrais e Tradicionais",Comunicação oral,788445.pdf
MAPEANDO ALGUNS TRABALHOS NAS TRILHAS DA EDUCAÇÃO DO CAMPO: DESAFIOS E EXPECTATIVAS NO ENSINO DE MATEMÁTICA PARA OS ANOS INICIAIS,ivanete cardoso; Sandra Maria Nascimento de Mattos; José Roberto Linhares de Mattos,Eixo 6 - Práticas Pedagógicas e Pesquisas em Ciências e Matemática,Comunicação oral,788397.pdf
MÁSCARAS AFRICANAS NA SALA DE AULA: LUDICIDADE E CULTURA NO ENSINO DE MATEMÁTICA,Marcos Vinicius Cavalcante Dos Santos; Claralidia Rocha,Eixo 2 – Etnomatemática na Educação Básica,Comunicação oral,795201.pdf
MÁSCARAS: PARA ALÉM DE UMA FANTASIA,Felippe Allan Osires Santos Lopes; Jackeline Rodrigues Mendes,Eixo Temático 7 - Conhecimentos Ancestrais em Ciências: Diálogos Interculturais.,Comunicação oral,801966.pdf
MASTERCHEF NAS FRAÇÕES,Bianca Balbinot; Daiane Renata Machado,Eixo 2 – Etnomatemática na Educação Básica,Pôster,791639.pdf
MATEMÁTICA E AFRICANIDADE: APRENDENDO CÍRCULO E CIRCUNFERÊNCIA COM O JOGO TENGLACH,HAYLTON GOMES FERREIRA; Mauro Guterres Barbosa; Rayane de Jesus Santos Melo,Eixo 5 - Etnomatemática e Relações Étnico-Raciais,Pôster,801577.pdf
"MODOS DE CONHECER, NARRAR E SE INSCREVER O TEMPO EM TRADIÇÕES BANTU-CONGO",Jackeline Rodrigues Mendes,Eixo 5 - Etnomatemática e Relações Étnico-Raciais,Comunicação oral,800641.pdf
MOVIMENTOS SOCIAIS E EDUCAÇÃO MATEMÁTICA: A ETNOMATEMÁTICA COMO INTERCESSORA NOS CADERNOS DE EDUCAÇÃO DO MST,Lucas Rodrigues Silva; Filipe Santos Fernandes,"Eixo 1 – Educação Escolar dos Povos Originários, Ancestrais e Tradicionais",Comunicação oral,801585.pdf
MULHERES NEGRAS E A COTA DE GÊNERO NA POLÍTICA PARTIDÁRIA.,Ernesta da Silva Araujo; LUCAS VALERIO CAMPOS,Eixo 5 - Etnomatemática e Relações Étnico-Raciais,Comunicação oral,789044.pdf
O PROCESSO DE CONFECÇÃO DE OBJETOS COM AS TRANÇAS DAS PALHAS DA PALMEIRA DO BABAÇU DE SÃO BENTO DO TOCANTINS,Lucas Pereira de Araújo; Dailson Evangelista Costa; Wagner dos Santos Mariano,Eixo Temático 7 - Conhecimentos Ancestrais em Ciências: Diálogos Interculturais.,Comunicação oral,802003.pdf
O PROGRAMA ETNOMATEMÁTICA NA DIMENSÃO ANCESTRAL: CARTOGRAFANDO CORPOS E EXPERIMENTAÇÕES,Rafael Bida Guabiraba Martins; Ademir Donizeti Caldeira; Cristiane Coppe de Oliveira,Eixo 5 - Etnomatemática e Relações Étnico-Raciais,Comunicação oral,801657.pdf
O PROGRAMA ETNOMATEMÁTICA NO ENSINO DE MATEMÁTICA PARA ESTUDANTES SURDOS NA MODALIDADE EDUCAÇÃO DE JOVENS E ADULTOS (EJA),Rabeka Ferreira; Daniel Clark Orey,Eixo 2 – Etnomatemática na Educação Básica,Comunicação oral,801225.pdf
"O PROGRAMA ETNOMATEMÁTICA: UMA ANÁLISE DA GERAÇÃO, ORGANIZAÇÃO E DIFUSÃO DOS SABERES DE AGRICULTORES DO ESTADO DE SANTA CATARINA",Isabel Cristina Machado de Lara; SCHEILA DA ROSA ROCHA SERAFIM; Valdirene Teixeira Flor Viana,Eixo 2 – Etnomatemática na Educação Básica,Comunicação oral,789014.pdf
O TEOREMA GEOMÉTRICO NO ENSINO MATEMÁTICO:  UMA PERSPECTIVA DECOLONIAL,Valdirene Rosa de Souza,Eixo 2 – Etnomatemática na Educação Básica,Comunicação oral,789064.pdf
"OLHE MINHAS ETNOS, VEJA MINHAS TICAS E RECONHEÇA MINHAS MATEMAS: CULTURAS BANTU EM ANGOLA, PROJETADAS EM EDUCAÇÃO ESCOLAR QUILOMBOLA NO BRASIL",Eliane Costa Santos,Eixo 3 – Etnomatemática na Educação Superior,Comunicação oral,802380.pdf
PANORAMA DE PESQUISAS BRASILEIRAS EM ETNOMATEMÁTICA DESENVOLVIDAS POR PESQUISADORES INDÍGENAS,Mireni dos Santos Alves; Kécio Gonçalves Leite,Eixo 5 - Etnomatemática e Relações Étnico-Raciais,Comunicação oral,800954.pdf
PERCEPÇÕES DE PROFESSORES INDÍGENAS PAITER SURUÍ SOBRE AS PESQUISAS EM ETNOMATEMÁTICA,Marli Henrique De Lima Pio Surui; Carma Maria Martini,"Eixo 1 – Educação Escolar dos Povos Originários, Ancestrais e Tradicionais",Comunicação oral,788402.pdf
PESQUISAS BRASILEIRAS QUE ARTICULAM ETNOMATEMÁTICA COM AS LEIS 10.639 E 11.645,Caroline Passos,Eixo 5 - Etnomatemática e Relações Étnico-Raciais,Comunicação oral,801942.pdf
POSSIBILIDADES ETNOMATEMÁTICAS PARA O QUARTO ANO DO ENSINO FUNDAMENTAL I,Sandra Maria Nascimento de Mattos,Eixo 6 - Práticas Pedagógicas e Pesquisas em Ciências e Matemática,Comunicação oral,789033.pdf
"PRÁTICAS DE ÁFRICA EM SALA DE AULA, UMA ABORDAGEM INSPIRADA NA ETNOMATEMÁTICA",Daniel Oliveira de Andrade; Júlio César Augusto do Valle,Eixo 2 – Etnomatemática na Educação Básica,Comunicação oral,799462.pdf
PRÁTICAS ETNOMATEMÁTICAS DESENVOLVIDAS EM COMUNIDADES INDÍGENAS DE OURIL NDIA DO NORTE - PA,Denise Cristina Ribeiro da Silva; Ieda Maria Giongosaiba,"Eixo 1 – Educação Escolar dos Povos Originários, Ancestrais e Tradicionais",Pôster,801509.pdf
PRÁTICAS SOCIOCULTURAIS NA/DA/COM A FEIRA MUNICIPAL DE CAPELINHA: UM OLHAR ETNOMATEMÁTICO,WESLEY MARCIEL XAVIER DA COSTA; Eric Paulucci,"Eixo 1 – Educação Escolar dos Povos Originários, Ancestrais e Tradicionais",Comunicação oral,797961.pdf
PRODUÇÃO DE FARINHA DE MANDIOCA COMO PRÁTICA SOCIOCULTURAL A SER INSERIDA NAS ATIVIDADES ESCOLARES,Carmen  Lucia  Braga  da  Conceição; CARLOS ALDEMIR FARIAS DA SILVA; Iran Abreu Mendes,"Eixo 1 – Educação Escolar dos Povos Originários, Ancestrais e Tradicionais",Comunicação oral,800069.pdf
PRODUÇÃO DE UMA ESCOLA DE ASSENTAMENTO RURAL DO CAMPO: MOVIMENTOS E TENSÕES,Wanderson Rocha Lopes; Roger Miarka,Eixo 4 – Etnomatemática e suas vertentes na Educação Matemática,Comunicação oral,801518.pdf
PRODUÇÕES CAPIXABAS EM ETNOMATEMÁTICA COM INDÍGENAS: PARTE DE UM LEVANTAMENTO DOCUMENTAL PARA PESQUISA DE DOUTORADO,Géssica Gonçalves Martins; Ligia Arantes Sad,Eixo 4 – Etnomatemática e suas vertentes na Educação Matemática,Comunicação oral,789290.pdf
PRODUTOS EDUCACIONAIS DE DISSERTAÇÕES DE MESTRADOS PROFISSIONAIS SOBRE ETNOMATEMÁTICA NO ENSINO DE MATEMÁTICA,Ananda Itsu Moraes Conceição; BENJAMIM CARDOSO DA SILVA NETO,Eixo 2 – Etnomatemática na Educação Básica,Comunicação oral,793626.pdf
PROFESSORES DE MATEMÁTICA E AS RELAÇÕES ÉTNICO RACIAIS: ANÁLISE DISCURSIVA,Élida de Sousa Peres,Eixo 5 - Etnomatemática e Relações Étnico-Raciais,Comunicação oral,800139.pdf
"PROJETO PROSEAR: MATEMÁTICA NA CULTURA DIA-A-DIA, SUA ATUAÇÃO, COMO ENSINO NÃO FORMAL NA EDUCAÇÃO ESCOLAR",Marcos Silva Albuquerque; Gadi Silva Dos Santos; Rute Carvalho Farias; Catiane Tolosa Brito,"Eixo 1 – Educação Escolar dos Povos Originários, Ancestrais e Tradicionais",Pôster,789035.pdf
PROJETOS DE PESQUISAS EM ETNOMATEMÁTICA INDÍGENA,Cristiane do Socorro dos Santos Nery; Diogo Monteiro dos Santos; Maware Wajãpi; Pauri Waiãpi,"Eixo 1 – Educação Escolar dos Povos Originários, Ancestrais e Tradicionais",Pôster,800164.pdf
QUANDO O DJ TOCA: PENSANDO ETNOMATEMÁTICAS NO MOVIMENTO HIP-HOP,Luiz Felipe de Melo Pereira; Jackeline Rodrigues Mendes,Eixo 5 - Etnomatemática e Relações Étnico-Raciais,Comunicação oral,787094.pdf
QUESTÕES RACIAIS E O ENSINO DE MATEMÁTICA NO CURSO DE LICENCIATURA EM MATEMÁTICA,Elton Pompilio Machado; Elivaldo Serrao Custódio,Eixo 5 - Etnomatemática e Relações Étnico-Raciais,Comunicação oral,788433.pdf
"RACIONALIDADE AMBIENTAL, ETNOMEDICINA E ETNOBOTÂNICA:  UMA REVISÃO SISTEMÁTICA DA LITERATURA",LUCAS VALERIO CAMPOS; João Severino Filho; Kelly Vitória Serschön,Eixo Temático 7 - Conhecimentos Ancestrais em Ciências: Diálogos Interculturais.,Comunicação oral,788427.pdf
REFLEXÕES SOBRE OS DESAFIOS QUE ENVOLVEM A CADEIA DE PRODUÇÃO DE AÇAÍ NO PARÁ,Carmen  Lucia  Braga  da  Conceição; Luís Paulo Carvalho Monteiro; Thalya Maria Alves da Silva; Elizabeth Gomes Souza,Eixo 3 – Etnomatemática na Educação Superior,Pôster,796372.pdf
RELAÇÃO ENTRE ETNOMATEMÁTICA E PINTURA: UMA PROPOSTA PEDAGÓGICA PARA O ENSINO E APRENDIZAGEM DE MATEMÁTICA,José Erildo Lopes Júnior,Eixo 2 – Etnomatemática na Educação Básica,Comunicação oral,794986.pdf
SABERES GUARANI NA PINTURA CORPORAL: ANÁLISE ICONOGRÁFICA E O PROGRAMA ETNOMATEMÁTICA,Fabricia de Jesus da Silva; Claudia Alessandra Costa de Araujo Lorenzoni,Eixo 6 - Práticas Pedagógicas e Pesquisas em Ciências e Matemática,Comunicação oral,801003.pdf
SABERES LUNARES E PRÁTICAS CULTURAIS DO POVO TUPINIKIM DA ALDEIA INDÍGENA DE CAIEIRAS VELHA,Ozirlei Teresa Marcilino; Adriana Vitoriano Barbosa; Ana Paula Azevedo Moura Careta,Eixo Temático 7 - Conhecimentos Ancestrais em Ciências: Diálogos Interculturais.,Comunicação oral,790728.pdf
SABERES MATEMÁTICOS DE UM MESTRE CARPINTEIRO NAVAL ENSINADOS NO ÂMBITO DO ESTALEIRO ESCOLA,Rayane de Jesus Santos Melo; Carmen Lúcia Brancaglion Passos,Eixo 6 - Práticas Pedagógicas e Pesquisas em Ciências e Matemática,Comunicação oral,789028.pdf
SABORES E SABERES: ENSINO POR MEIO DE RECEITAS NA EDUCAÇÃO DE JOVENS E ADULTOS,Adriana da Silva Klippel; Marcos Lübeck,Eixo 4 – Etnomatemática e suas vertentes na Educação Matemática,Comunicação oral,798827.pdf
"SOBRE PRÁTICAS, MEMÓRIAS E ESPAÇOS: UMA ETNOMATEMÁTICA MANIFESTADA PELA PALAVRA EM SUAS ENCENAÇÕES COM O BARRO",Rafael Antunes Machado; Carolina Tamayo Osorio,Eixo 4 – Etnomatemática e suas vertentes na Educação Matemática,Comunicação oral,799701.pdf
TECENDO CONHECIMENTOS: UM ESTUDO SOBRE A FORMAÇÃO DE PROFESSORES DE MATEMÁTICA KALUNGA NO CURSO DE LICENCIATURA EM EDUCAÇÃO DO CAMPO DA UNIVERSIDADE DE BRASÍLIA,LUARA LARESSA FERREIRA DOS SANTOS LIMA; Rogério Ferreira; JOSE PEDRO MACHADO RIBEIRO,Eixo 5 - Etnomatemática e Relações Étnico-Raciais,Pôster,801769.pdf
"TECENDO RAÍZES CULTURAIS, EDUCAÇÃO ESCOLAR INDÍGENA E ENSINO DE MATEMÁTICA PARA CRIANÇAS DA ETNIA MACUXI",Adnelson Jati Batista; LÉLIA MAXIMINO DA SILVA; Solange Almeida Santos,"Eixo 1 – Educação Escolar dos Povos Originários, Ancestrais e Tradicionais",Comunicação oral,801431.pdf
TECENDO REFLEXÕES ENTORNO AO(S) ETHOS DE UMA E(E)DUCAÇÃO M(M)ATEMÁTICA E UMA E(E)TNOMATEMÁTICA,Jorge Isidro Orjuela Bernal; Heinrich da Solidade Santos,Eixo 4 – Etnomatemática e suas vertentes na Educação Matemática,Comunicação oral,801976.pdf
"TECENDO SABERES E FAZERES COM CIPÓ IMBÉ NA COMUNIDADE QUILOMBOLA DE SÃO DOMINGOS, SAPÊ DO NORTE DO ESPÍRITO SANTO: EDUCAÇÃO ESCOLAR QUILOMBOLA, MATEMÁTICA E O PAPEL DOS MESTRES DOS SABERES",Bianca Blandino Florentino; Claudia Alessandra Costa de Araujo Lorenzoni,"Eixo 1 – Educação Escolar dos Povos Originários, Ancestrais e Tradicionais",Comunicação oral,801710.pdf
"TELHADO MOLHADO, ÁGUA NO POTE: VERTENDO IDEIAS MATEMÁTICAS",Morane Almeida de Oliveira,"Eixo 1 – Educação Escolar dos Povos Originários, Ancestrais e Tradicionais",Comunicação oral,801209.pdf
TEMPOS DE SILÊNCIO: DIFICULDADES DA PANDEMIA E SEUS EFEITOS NA EDUCAÇÃO (MATEMÁTICA) DO CAMPO,Rafaela Nunes de Abreu; Eric Paulucci,Eixo 2 – Etnomatemática na Educação Básica,Comunicação oral,801056.pdf
TENDÊNCIAS DA PRODUÇÃO EM ETNOMATEMÁTICA E FORMAÇÃO DE PROFESSORES,Gisele Américo Soares; Marília Paula,Eixo 3 – Etnomatemática na Educação Superior,Comunicação oral,800509.pdf
TRABALHOS DE INICIAÇÃO CIENTÍFICA DESENVOLVIDOS NO GRUPO DE PESQUISAS EM HISTÓRIA DA MATEMÁTICA E SABERES TRADICIONAIS (GHMAT) NOS SEUS CINCO PRIMEIROS ANOS,Romulo Alves Luciano; Claudia Alessandra Costa de Araujo Lorenzoni,Eixo 6 - Práticas Pedagógicas e Pesquisas em Ciências e Matemática,Pôster,788931.pdf
TRADUÇÕES COM MATEMÁTICA E DECOLONIALIDADE:  INSURGÊNCIAS PARA UMA ETNOMATEMÁTICA RELACIONAL,Eric Paulucci; Carolina Tamayo Osorio,Eixo 4 – Etnomatemática e suas vertentes na Educação Matemática,Comunicação oral,801751.pdf
TRANSFORMANDO MEMÓRIAS E HISTÓRIAS EM UMA EXPOSIÇÃO ITINERANTE À LUZ DA ETNOMATEMÁTICA,Mariana Barbosa Cassiano; Gabriela Briao,Eixo 6 - Práticas Pedagógicas e Pesquisas em Ciências e Matemática,Comunicação oral,801995.pdf
TRAVESSIAS DE SABERES E FAZERES: ABORDAGEM DE UMA ATIVIDADE INVESTIGATIVA EM ETNOMATEMÁTICA NO ESTUDO DA FUNÇÃO AFIM,TÂNIA PINTO DOS SANTOS SOUZA,Eixo 2 – Etnomatemática na Educação Básica,Comunicação oral,789070.pdf
UMA ABORDAGEM ETNOMATEMÁTICA COMO POTENCIALIZADORA NA EDUCAÇÃO ESCOLAR INDÍGENA EM UMA ESCOLA DO OIAPOQUE - AP,ANOAK FORTE BATISTA,"Eixo 1 – Educação Escolar dos Povos Originários, Ancestrais e Tradicionais",Comunicação oral,801601.pdf
UMA PRÁTICA MATEMÁTICA A PARTIR DE PRÁTICAS ENVOLVENDO FRUTOS DE AÇAÍ,LUIZ ANTONIO RIBEIRO NETO DE OLIVEIRA,Eixo 4 – Etnomatemática e suas vertentes na Educação Matemática,Comunicação oral,787197.pdf
UMA REVISÃO BIBLIOGRÁFICA SOBRE A RELAÇÃO ENTRE A ETNOMATEMÁTICA E O EMPREENDEDORISMO POR MEIO DOS  BATEDORES DE AÇAÍ: O QUE DIZEM AS  PESQUISAS CIENTÍFICA?,Themis Corrêa Veras de Lima; Romaro Silva,Eixo 2 – Etnomatemática na Educação Básica,Comunicação oral,801571.pdf
UMA SÍNTESE DA OBRA INTERFACES EDUCATIVAS E COTIDIANAS: POVOS INDÍGENAS,LARISSA MASCARENHAS COELHO; Nazaré Farias Brazao,"Eixo 1 – Educação Escolar dos Povos Originários, Ancestrais e Tradicionais",Comunicação oral,786855.pdf
URUCUZEIRO ENIGMÁTICA ENERGIA VERMELHA,Aurinete Vieira Lijma da Fonseca,"Eixo 1 – Educação Escolar dos Povos Originários, Ancestrais e Tradicionais",Comunicação oral,788222.pdf
VÍDEOS DIGITAIS E DIVERSIDADE CULTURAL: EXPLORANDO A MATEMÁTICA ALÉM DOS LIMITES ACADÊMICOS,José Fernandes Torres da Cunha; Marcelo de Carvalho Borba,Eixo 4 – Etnomatemática e suas vertentes na Educação Matemática,Comunicação oral,792436.pdf
VOZES DOS PROFESSORES INDÍGENAS DA REGIÃO ALTO RIO NEGRO/AM SOBRE UMA ATIVIDADE DE EXTENSÃO COM O USO DE MATERIAIS CONCRETOS PARA O ENSINO DE MATEMÁTICA,Rosane Gonçalves Cruz; Joandrio Nogueira de Souza; Gerson Bacury,Eixo 2 – Etnomatemática na Educação Básica,Comunicação oral,801142.pdf
ZAMBIAPUNGA: UM MOVIMENTO CULTURAL DE RESISTÊNCIA QUE ANUNCIA UMA EPISTEMOLOGIA DECOLONIAL,José Lucas Matias de Eça; Zulma Elizabete de Freitas Madruga,Eixo 5 - Etnomatemática e Relações Étnico-Raciais,Comunicação oral,801854.pdf
